Date,Store_ID,Store_Name,Product_ID,Product_Name,Category,Units_Sold,Price,Discount,Promotion,Holiday,Day_of_Week,Month,Season,Inventory_Level
2024-01-01,STR_01,Downtown Metro Mart,PRD_01,Organic Whole Milk 1 Gal,Dairy,101,4.24,0.15,1,1,0,1,Winter,349
2024-01-02,STR_01,Downtown Metro Mart,PRD_01,Organic Whole Milk 1 Gal,Dairy,97,4.24,0.15,1,1,1,1,Winter,252
2024-01-03,STR_01,Downtown Metro Mart,PRD_01,Organic Whole Milk 1 Gal,Dairy,59,4.99,0.0,0,0,2,1,Winter,193
2024-01-04,STR_01,Downtown Metro Mart,PRD_01,Organic Whole Milk 1 Gal,Dairy,73,4.99,0.0,0,0,3,1,Winter,120
2024-01-05,STR_01,Downtown Metro Mart,PRD_01,Organic Whole Milk 1 Gal,Dairy,71,4.99,0.0,0,0,4,1,Winter,409
2024-01-06,STR_01,Downtown Metro Mart,PRD_01,Organic Whole Milk 1 Gal,Dairy,79,4.99,0.0,0,0,5,1,Winter,330
2024-01-07,STR_01,Downtown Metro Mart,PRD_01,Organic Whole Milk 1 Gal,Dairy,83,4.99,0.0,0,0,6,1,Winter,247
2024-01-08,STR_01,Downtown Metro Mart,PRD_01,Organic Whole Milk 1 Gal,Dairy,53,4.99,0.0,0,0,0,1,Winter,194
2024-01-09,STR_01,Downtown Metro Mart,PRD_01,Organic Whole Milk 1 Gal,Dairy,47,4.99,0.0,0,0,1,1,Winter,147
2024-01-10,STR_01,Downtown Metro Mart,PRD_01,Organic Whole Milk 1 Gal,Dairy,58,4.99,0.0,0,0,2,1,Winter,89
2024-01-11,STR_01,Downtown Metro Mart,PRD_01,Organic Whole Milk 1 Gal,Dairy,55,4.99,0.0,0,0,3,1,Winter,394
2024-01-12,STR_01,Downtown Metro Mart,PRD_01,Organic Whole Milk 1 Gal,Dairy,68,4.99,0.0,0,0,4,1,Winter,326
2024-01-13,STR_01,Downtown Metro Mart,PRD_01,Organic Whole Milk 1 Gal,Dairy,85,4.99,0.0,0,0,5,1,Winter,241
2024-01-14,STR_01,Downtown Metro Mart,PRD_01,Organic Whole Milk 1 Gal,Dairy,48,4.99,0.0,0,0,6,1,Winter,193
2024-01-15,STR_01,Downtown Metro Mart,PRD_01,Organic Whole Milk 1 Gal,Dairy,35,4.99,0.0,0,0,0,1,Winter,158
2024-01-16,STR_01,Downtown Metro Mart,PRD_01,Organic Whole Milk 1 Gal,Dairy,46,4.99,0.0,0,0,1,1,Winter,112
2024-01-17,STR_01,Downtown Metro Mart,PRD_01,Organic Whole Milk 1 Gal,Dairy,45,4.99,0.0,0,0,2,1,Winter,427
2024-01-18,STR_01,Downtown Metro Mart,PRD_01,Organic Whole Milk 1 Gal,Dairy,62,4.99,0.0,0,0,3,1,Winter,365
2024-01-19,STR_01,Downtown Metro Mart,PRD_01,Organic Whole Milk 1 Gal,Dairy,63,4.99,0.0,0,0,4,1,Winter,302
2024-01-20,STR_01,Downtown Metro Mart,PRD_01,Organic Whole Milk 1 Gal,Dairy,64,4.99,0.0,0,0,5,1,Winter,238
2024-01-21,STR_01,Downtown Metro Mart,PRD_01,Organic Whole Milk 1 Gal,Dairy,82,4.99,0.0,0,0,6,1,Winter,156
2024-01-22,STR_01,Downtown Metro Mart,PRD_01,Organic Whole Milk 1 Gal,Dairy,46,4.99,0.0,0,0,0,1,Winter,110
2024-01-23,STR_01,Downtown Metro Mart,PRD_01,Organic Whole Milk 1 Gal,Dairy,51,4.99,0.0,0,0,1,1,Winter,419
2024-01-24,STR_01,Downtown Metro Mart,PRD_01,Organic Whole Milk 1 Gal,Dairy,61,4.24,0.15,1,0,2,1,Winter,358
2024-01-25,STR_01,Downtown Metro Mart,PRD_01,Organic Whole Milk 1 Gal,Dairy,79,4.24,0.15,1,0,3,1,Winter,279
2024-01-26,STR_01,Downtown Metro Mart,PRD_01,Organic Whole Milk 1 Gal,Dairy,108,4.24,0.15,1,0,4,1,Winter,171
2024-01-27,STR_01,Downtown Metro Mart,PRD_01,Organic Whole Milk 1 Gal,Dairy,98,4.24,0.15,1,0,5,1,Winter,73
2024-01-28,STR_01,Downtown Metro Mart,PRD_01,Organic Whole Milk 1 Gal,Dairy,71,4.99,0.0,0,0,6,1,Winter,362
2024-01-29,STR_01,Downtown Metro Mart,PRD_01,Organic Whole Milk 1 Gal,Dairy,44,4.99,0.0,0,0,0,1,Winter,318
2024-01-30,STR_01,Downtown Metro Mart,PRD_01,Organic Whole Milk 1 Gal,Dairy,48,4.99,0.0,0,0,1,1,Winter,270
2024-01-31,STR_01,Downtown Metro Mart,PRD_01,Organic Whole Milk 1 Gal,Dairy,49,4.99,0.0,0,0,2,1,Winter,221
2024-02-01,STR_01,Downtown Metro Mart,PRD_01,Organic Whole Milk 1 Gal,Dairy,78,4.99,0.0,0,0,3,2,Winter,143
2024-02-02,STR_01,Downtown Metro Mart,PRD_01,Organic Whole Milk 1 Gal,Dairy,76,4.99,0.0,0,0,4,2,Winter,67
2024-02-03,STR_01,Downtown Metro Mart,PRD_01,Organic Whole Milk 1 Gal,Dairy,71,4.99,0.0,0,0,5,2,Winter,356
2024-02-04,STR_01,Downtown Metro Mart,PRD_01,Organic Whole Milk 1 Gal,Dairy,79,4.99,0.0,0,0,6,2,Winter,277
2024-02-05,STR_01,Downtown Metro Mart,PRD_01,Organic Whole Milk 1 Gal,Dairy,41,4.99,0.0,0,0,0,2,Winter,236
2024-02-06,STR_01,Downtown Metro Mart,PRD_01,Organic Whole Milk 1 Gal,Dairy,54,4.99,0.0,0,0,1,2,Winter,182
2024-02-07,STR_01,Downtown Metro Mart,PRD_01,Organic Whole Milk 1 Gal,Dairy,39,4.99,0.0,0,0,2,2,Winter,143
2024-02-08,STR_01,Downtown Metro Mart,PRD_01,Organic Whole Milk 1 Gal,Dairy,49,4.99,0.0,0,0,3,2,Winter,94
2024-02-09,STR_01,Downtown Metro Mart,PRD_01,Organic Whole Milk 1 Gal,Dairy,78,4.99,0.0,0,0,4,2,Winter,376
2024-02-10,STR_01,Downtown Metro Mart,PRD_01,Organic Whole Milk 1 Gal,Dairy,94,4.99,0.0,0,0,5,2,Winter,282
2024-02-11,STR_01,Downtown Metro Mart,PRD_01,Organic Whole Milk 1 Gal,Dairy,72,4.99,0.0,0,0,6,2,Winter,210
2024-02-12,STR_01,Downtown Metro Mart,PRD_01,Organic Whole Milk 1 Gal,Dairy,49,4.99,0.0,0,0,0,2,Winter,161
2024-02-13,STR_01,Downtown Metro Mart,PRD_01,Organic Whole Milk 1 Gal,Dairy,63,4.99,0.0,0,1,1,2,Winter,98
2024-02-14,STR_01,Downtown Metro Mart,PRD_01,Organic Whole Milk 1 Gal,Dairy,54,4.99,0.0,0,1,2,2,Winter,404
2024-02-15,STR_01,Downtown Metro Mart,PRD_01,Organic Whole Milk 1 Gal,Dairy,68,4.99,0.0,0,1,3,2,Winter,336
2024-02-16,STR_01,Downtown Metro Mart,PRD_01,Organic Whole Milk 1 Gal,Dairy,71,4.99,0.0,0,0,4,2,Winter,265
2024-02-17,STR_01,Downtown Metro Mart,PRD_01,Organic Whole Milk 1 Gal,Dairy,98,4.99,0.0,0,0,5,2,Winter,167
2024-02-18,STR_01,Downtown Metro Mart,PRD_01,Organic Whole Milk 1 Gal,Dairy,107,4.24,0.15,1,0,6,2,Winter,60
2024-02-19,STR_01,Downtown Metro Mart,PRD_01,Organic Whole Milk 1 Gal,Dairy,53,4.24,0.15,1,0,0,2,Winter,367
2024-02-20,STR_01,Downtown Metro Mart,PRD_01,Organic Whole Milk 1 Gal,Dairy,80,4.24,0.15,1,0,1,2,Winter,287
2024-02-21,STR_01,Downtown Metro Mart,PRD_01,Organic Whole Milk 1 Gal,Dairy,76,4.24,0.15,1,0,2,2,Winter,211
2024-02-22,STR_01,Downtown Metro Mart,PRD_01,Organic Whole Milk 1 Gal,Dairy,55,4.99,0.0,0,0,3,2,Winter,156
2024-02-23,STR_01,Downtown Metro Mart,PRD_01,Organic Whole Milk 1 Gal,Dairy,83,4.99,0.0,0,0,4,2,Winter,73
2024-02-24,STR_01,Downtown Metro Mart,PRD_01,Organic Whole Milk 1 Gal,Dairy,98,4.99,0.0,0,0,5,2,Winter,335
2024-02-25,STR_01,Downtown Metro Mart,PRD_01,Organic Whole Milk 1 Gal,Dairy,80,4.99,0.0,0,0,6,2,Winter,255
2024-02-26,STR_01,Downtown Metro Mart,PRD_01,Organic Whole Milk 1 Gal,Dairy,43,4.99,0.0,0,0,0,2,Winter,212
2024-02-27,STR_01,Downtown Metro Mart,PRD_01,Organic Whole Milk 1 Gal,Dairy,50,4.99,0.0,0,0,1,2,Winter,162
2024-02-28,STR_01,Downtown Metro Mart,PRD_01,Organic Whole Milk 1 Gal,Dairy,58,4.99,0.0,0,0,2,2,Winter,104
2024-02-29,STR_01,Downtown Metro Mart,PRD_01,Organic Whole Milk 1 Gal,Dairy,70,4.99,0.0,0,0,3,2,Winter,394
2024-03-01,STR_01,Downtown Metro Mart,PRD_01,Organic Whole Milk 1 Gal,Dairy,73,4.99,0.0,0,0,4,3,Spring,321
2024-03-02,STR_01,Downtown Metro Mart,PRD_01,Organic Whole Milk 1 Gal,Dairy,85,4.99,0.0,0,0,5,3,Spring,236
2024-03-03,STR_01,Downtown Metro Mart,PRD_01,Organic Whole Milk 1 Gal,Dairy,60,4.99,0.0,0,0,6,3,Spring,176
2024-03-04,STR_01,Downtown Metro Mart,PRD_01,Organic Whole Milk 1 Gal,Dairy,42,4.99,0.0,0,0,0,3,Spring,134
2024-03-05,STR_01,Downtown Metro Mart,PRD_01,Organic Whole Milk 1 Gal,Dairy,61,4.99,0.0,0,0,1,3,Spring,433
2024-03-06,STR_01,Downtown Metro Mart,PRD_01,Organic Whole Milk 1 Gal,Dairy,69,4.99,0.0,0,0,2,3,Spring,364
2024-03-07,STR_01,Downtown Metro Mart,PRD_01,Organic Whole Milk 1 Gal,Dairy,62,4.99,0.0,0,0,3,3,Spring,302
2024-03-08,STR_01,Downtown Metro Mart,PRD_01,Organic Whole Milk 1 Gal,Dairy,90,4.99,0.0,0,0,4,3,Spring,212
2024-03-09,STR_01,Downtown Metro Mart,PRD_01,Organic Whole Milk 1 Gal,Dairy,92,4.99,0.0,0,0,5,3,Spring,120
2024-03-10,STR_01,Downtown Metro Mart,PRD_01,Organic Whole Milk 1 Gal,Dairy,65,4.99,0.0,0,0,6,3,Spring,415
2024-03-11,STR_01,Downtown Metro Mart,PRD_01,Organic Whole Milk 1 Gal,Dairy,54,4.99,0.0,0,0,0,3,Spring,361
2024-03-12,STR_01,Downtown Metro Mart,PRD_01,Organic Whole Milk 1 Gal,Dairy,67,4.99,0.0,0,0,1,3,Spring,294
2024-03-13,STR_01,Downtown Metro Mart,PRD_01,Organic Whole Milk 1 Gal,Dairy,57,4.99,0.0,0,0,2,3,Spring,237
2024-03-14,STR_01,Downtown Metro Mart,PRD_01,Organic Whole Milk 1 Gal,Dairy,113,4.24,0.15,1,0,3,3,Spring,124
2024-03-15,STR_01,Downtown Metro Mart,PRD_01,Organic Whole Milk 1 Gal,Dairy,69,4.24,0.15,1,0,4,3,Spring,415
2024-03-16,STR_01,Downtown Metro Mart,PRD_01,Organic Whole Milk 1 Gal,Dairy,142,4.24,0.15,1,0,5,3,Spring,273
2024-03-17,STR_01,Downtown Metro Mart,PRD_01,Organic Whole Milk 1 Gal,Dairy,106,4.24,0.15,1,0,6,3,Spring,167
2024-03-18,STR_01,Downtown Metro Mart,PRD_01,Organic Whole Milk 1 Gal,Dairy,49,4.99,0.0,0,0,0,3,Spring,118
2024-03-19,STR_01,Downtown Metro Mart,PRD_01,Organic Whole Milk 1 Gal,Dairy,55,4.99,0.0,0,0,1,3,Spring,423
2024-03-20,STR_01,Downtown Metro Mart,PRD_01,Organic Whole Milk 1 Gal,Dairy,40,4.99,0.0,0,0,2,3,Spring,383
2024-03-21,STR_01,Downtown Metro Mart,PRD_01,Organic Whole Milk 1 Gal,Dairy,61,4.99,0.0,0,0,3,3,Spring,322
2024-03-22,STR_01,Downtown Metro Mart,PRD_01,Organic Whole Milk 1 Gal,Dairy,82,4.99,0.0,0,0,4,3,Spring,240
2024-03-23,STR_01,Downtown Metro Mart,PRD_01,Organic Whole Milk 1 Gal,Dairy,107,4.99,0.0,0,0,5,3,Spring,133
2024-03-24,STR_01,Downtown Metro Mart,PRD_01,Organic Whole Milk 1 Gal,Dairy,67,4.99,0.0,0,0,6,3,Spring,426
2024-03-25,STR_01,Downtown Metro Mart,PRD_01,Organic Whole Milk 1 Gal,Dairy,45,4.99,0.0,0,0,0,3,Spring,381
2024-03-26,STR_01,Downtown Metro Mart,PRD_01,Organic Whole Milk 1 Gal,Dairy,50,4.99,0.0,0,0,1,3,Spring,331
2024-03-27,STR_01,Downtown Metro Mart,PRD_01,Organic Whole Milk 1 Gal,Dairy,65,4.99,0.0,0,0,2,3,Spring,266
2024-03-28,STR_01,Downtown Metro Mart,PRD_01,Organic Whole Milk 1 Gal,Dairy,66,4.99,0.0,0,0,3,3,Spring,200
2024-03-29,STR_01,Downtown Metro Mart,PRD_01,Organic Whole Milk 1 Gal,Dairy,72,4.99,0.0,0,0,4,3,Spring,128
2024-03-30,STR_01,Downtown Metro Mart,PRD_01,Organic Whole Milk 1 Gal,Dairy,94,4.99,0.0,0,0,5,3,Spring,394
2024-03-31,STR_01,Downtown Metro Mart,PRD_01,Organic Whole Milk 1 Gal,Dairy,73,4.99,0.0,0,0,6,3,Spring,321
2024-04-01,STR_01,Downtown Metro Mart,PRD_01,Organic Whole Milk 1 Gal,Dairy,59,4.99,0.0,0,0,0,4,Spring,262
2024-04-02,STR_01,Downtown Metro Mart,PRD_01,Organic Whole Milk 1 Gal,Dairy,49,4.99,0.0,0,0,1,4,Spring,213
2024-04-03,STR_01,Downtown Metro Mart,PRD_01,Organic Whole Milk 1 Gal,Dairy,55,4.99,0.0,0,0,2,4,Spring,158
2024-04-04,STR_01,Downtown Metro Mart,PRD_01,Organic Whole Milk 1 Gal,Dairy,60,4.99,0.0,0,0,3,4,Spring,98
2024-04-05,STR_01,Downtown Metro Mart,PRD_01,Organic Whole Milk 1 Gal,Dairy,62,4.99,0.0,0,0,4,4,Spring,396
2024-04-06,STR_01,Downtown Metro Mart,PRD_01,Organic Whole Milk 1 Gal,Dairy,92,4.99,0.0,0,0,5,4,Spring,304
2024-04-07,STR_01,Downtown Metro Mart,PRD_01,Organic Whole Milk 1 Gal,Dairy,76,4.99,0.0,0,0,6,4,Spring,228
2024-04-08,STR_01,Downtown Metro Mart,PRD_01,Organic Whole Milk 1 Gal,Dairy,75,4.24,0.15,1,0,0,4,Spring,153
2024-04-09,STR_01,Downtown Metro Mart,PRD_01,Organic Whole Milk 1 Gal,Dairy,76,4.24,0.15,1,0,1,4,Spring,77
2024-04-10,STR_01,Downtown Metro Mart,PRD_01,Organic Whole Milk 1 Gal,Dairy,66,4.24,0.15,1,0,2,4,Spring,371
2024-04-11,STR_01,Downtown Metro Mart,PRD_01,Organic Whole Milk 1 Gal,Dairy,87,4.24,0.15,1,0,3,4,Spring,284
2024-04-12,STR_01,Downtown Metro Mart,PRD_01,Organic Whole Milk 1 Gal,Dairy,75,4.99,0.0,0,0,4,4,Spring,209
2024-04-13,STR_01,Downtown Metro Mart,PRD_01,Organic Whole Milk 1 Gal,Dairy,77,4.99,0.0,0,0,5,4,Spring,132
2024-04-14,STR_01,Downtown Metro Mart,PRD_01,Organic Whole Milk 1 Gal,Dairy,71,4.99,0.0,0,0,6,4,Spring,421
2024-04-15,STR_01,Downtown Metro Mart,PRD_01,Organic Whole Milk 1 Gal,Dairy,55,4.99,0.0,0,0,0,4,Spring,366
2024-04-16,STR_01,Downtown Metro Mart,PRD_01,Organic Whole Milk 1 Gal,Dairy,70,4.99,0.0,0,0,1,4,Spring,296
2024-04-17,STR_01,Downtown Metro Mart,PRD_01,Organic Whole Milk 1 Gal,Dairy,59,4.99,0.0,0,0,2,4,Spring,237
2024-04-18,STR_01,Downtown Metro Mart,PRD_01,Organic Whole Milk 1 Gal,Dairy,66,4.99,0.0,0,0,3,4,Spring,171
2024-04-19,STR_01,Downtown Metro Mart,PRD_01,Organic Whole Milk 1 Gal,Dairy,78,4.99,0.0,0,0,4,4,Spring,93
2024-04-20,STR_01,Downtown Metro Mart,PRD_01,Organic Whole Milk 1 Gal,Dairy,63,4.99,0.0,0,0,5,4,Spring,390
2024-04-21,STR_01,Downtown Metro Mart,PRD_01,Organic Whole Milk 1 Gal,Dairy,73,4.99,0.0,0,0,6,4,Spring,317
2024-04-22,STR_01,Downtown Metro Mart,PRD_01,Organic Whole Milk 1 Gal,Dairy,52,4.99,0.0,0,0,0,4,Spring,265
2024-04-23,STR_01,Downtown Metro Mart,PRD_01,Organic Whole Milk 1 Gal,Dairy,75,4.99,0.0,0,0,1,4,Spring,190
2024-04-24,STR_01,Downtown Metro Mart,PRD_01,Organic Whole Milk 1 Gal,Dairy,56,4.99,0.0,0,0,2,4,Spring,134
2024-04-25,STR_01,Downtown Metro Mart,PRD_01,Organic Whole Milk 1 Gal,Dairy,67,4.99,0.0,0,0,3,4,Spring,427
2024-04-26,STR_01,Downtown Metro Mart,PRD_01,Organic Whole Milk 1 Gal,Dairy,79,4.99,0.0,0,0,4,4,Spring,348
2024-04-27,STR_01,Downtown Metro Mart,PRD_01,Organic Whole Milk 1 Gal,Dairy,73,4.99,0.0,0,0,5,4,Spring,275
2024-04-28,STR_01,Downtown Metro Mart,PRD_01,Organic Whole Milk 1 Gal,Dairy,85,4.99,0.0,0,0,6,4,Spring,190
2024-04-29,STR_01,Downtown Metro Mart,PRD_01,Organic Whole Milk 1 Gal,Dairy,57,4.99,0.0,0,0,0,4,Spring,133
2024-04-30,STR_01,Downtown Metro Mart,PRD_01,Organic Whole Milk 1 Gal,Dairy,61,4.99,0.0,0,0,1,4,Spring,432
2024-05-01,STR_01,Downtown Metro Mart,PRD_01,Organic Whole Milk 1 Gal,Dairy,49,4.99,0.0,0,0,2,5,Spring,383
2024-05-02,STR_01,Downtown Metro Mart,PRD_01,Organic Whole Milk 1 Gal,Dairy,76,4.99,0.0,0,0,3,5,Spring,307
2024-05-03,STR_01,Downtown Metro Mart,PRD_01,Organic Whole Milk 1 Gal,Dairy,90,4.24,0.15,1,0,4,5,Spring,217
2024-05-04,STR_01,Downtown Metro Mart,PRD_01,Organic Whole Milk 1 Gal,Dairy,138,4.24,0.15,1,0,5,5,Spring,79
2024-05-05,STR_01,Downtown Metro Mart,PRD_01,Organic Whole Milk 1 Gal,Dairy,139,4.24,0.15,1,0,6,5,Spring,300
2024-05-06,STR_01,Downtown Metro Mart,PRD_01,Organic Whole Milk 1 Gal,Dairy,63,4.24,0.15,1,0,0,5,Spring,237
2024-05-07,STR_01,Downtown Metro Mart,PRD_01,Organic Whole Milk 1 Gal,Dairy,50,4.99,0.0,0,0,1,5,Spring,187
2024-05-08,STR_01,Downtown Metro Mart,PRD_01,Organic Whole Milk 1 Gal,Dairy,58,4.99,0.0,0,0,2,5,Spring,129
2024-05-09,STR_01,Downtown Metro Mart,PRD_01,Organic Whole Milk 1 Gal,Dairy,58,4.99,0.0,0,0,3,5,Spring,431
2024-05-10,STR_01,Downtown Metro Mart,PRD_01,Organic Whole Milk 1 Gal,Dairy,60,4.99,0.0,0,0,4,5,Spring,371
2024-05-11,STR_01,Downtown Metro Mart,PRD_01,Organic Whole Milk 1 Gal,Dairy,88,4.99,0.0,0,0,5,5,Spring,283
2024-05-12,STR_01,Downtown Metro Mart,PRD_01,Organic Whole Milk 1 Gal,Dairy,61,4.99,0.0,0,0,6,5,Spring,222
2024-05-13,STR_01,Downtown Metro Mart,PRD_01,Organic Whole Milk 1 Gal,Dairy,55,4.99,0.0,0,0,0,5,Spring,167
2024-05-14,STR_01,Downtown Metro Mart,PRD_01,Organic Whole Milk 1 Gal,Dairy,47,4.99,0.0,0,0,1,5,Spring,120
2024-05-15,STR_01,Downtown Metro Mart,PRD_01,Organic Whole Milk 1 Gal,Dairy,70,4.99,0.0,0,0,2,5,Spring,410
2024-05-16,STR_01,Downtown Metro Mart,PRD_01,Organic Whole Milk 1 Gal,Dairy,56,4.99,0.0,0,0,3,5,Spring,354
2024-05-17,STR_01,Downtown Metro Mart,PRD_01,Organic Whole Milk 1 Gal,Dairy,74,4.99,0.0,0,0,4,5,Spring,280
2024-05-18,STR_01,Downtown Metro Mart,PRD_01,Organic Whole Milk 1 Gal,Dairy,98,4.99,0.0,0,0,5,5,Spring,182
2024-05-19,STR_01,Downtown Metro Mart,PRD_01,Organic Whole Milk 1 Gal,Dairy,59,4.99,0.0,0,0,6,5,Spring,123
2024-05-20,STR_01,Downtown Metro Mart,PRD_01,Organic Whole Milk 1 Gal,Dairy,53,4.99,0.0,0,0,0,5,Spring,430
2024-05-21,STR_01,Downtown Metro Mart,PRD_01,Organic Whole Milk 1 Gal,Dairy,65,4.99,0.0,0,0,1,5,Spring,365
2024-05-22,STR_01,Downtown Metro Mart,PRD_01,Organic Whole Milk 1 Gal,Dairy,43,4.99,0.0,0,0,2,5,Spring,322
2024-05-23,STR_01,Downtown Metro Mart,PRD_01,Organic Whole Milk 1 Gal,Dairy,65,4.99,0.0,0,0,3,5,Spring,257
2024-05-24,STR_01,Downtown Metro Mart,PRD_01,Organic Whole Milk 1 Gal,Dairy,81,4.99,0.0,0,0,4,5,Spring,176
2024-05-25,STR_01,Downtown Metro Mart,PRD_01,Organic Whole Milk 1 Gal,Dairy,97,4.99,0.0,0,0,5,5,Spring,79
2024-05-26,STR_01,Downtown Metro Mart,PRD_01,Organic Whole Milk 1 Gal,Dairy,82,4.99,0.0,0,1,6,5,Spring,357
2024-05-27,STR_01,Downtown Metro Mart,PRD_01,Organic Whole Milk 1 Gal,Dairy,57,4.99,0.0,0,1,0,5,Spring,300
2024-05-28,STR_01,Downtown Metro Mart,PRD_01,Organic Whole Milk 1 Gal,Dairy,118,4.24,0.15,1,1,1,5,Spring,182
2024-05-29,STR_01,Downtown Metro Mart,PRD_01,Organic Whole Milk 1 Gal,Dairy,87,4.24,0.15,1,0,2,5,Spring,95
2024-05-30,STR_01,Downtown Metro Mart,PRD_01,Organic Whole Milk 1 Gal,Dairy,95,4.24,0.15,1,0,3,5,Spring,360
2024-05-31,STR_01,Downtown Metro Mart,PRD_01,Organic Whole Milk 1 Gal,Dairy,119,4.24,0.15,1,0,4,5,Spring,241
2024-06-01,STR_01,Downtown Metro Mart,PRD_01,Organic Whole Milk 1 Gal,Dairy,76,4.99,0.0,0,0,5,6,Summer,165
2024-06-02,STR_01,Downtown Metro Mart,PRD_01,Organic Whole Milk 1 Gal,Dairy,73,4.99,0.0,0,0,6,6,Summer,92
2024-06-03,STR_01,Downtown Metro Mart,PRD_01,Organic Whole Milk 1 Gal,Dairy,52,4.99,0.0,0,0,0,6,Summer,400
2024-06-04,STR_01,Downtown Metro Mart,PRD_01,Organic Whole Milk 1 Gal,Dairy,47,4.99,0.0,0,0,1,6,Summer,353
2024-06-05,STR_01,Downtown Metro Mart,PRD_01,Organic Whole Milk 1 Gal,Dairy,71,4.99,0.0,0,0,2,6,Summer,282
2024-06-06,STR_01,Downtown Metro Mart,PRD_01,Organic Whole Milk 1 Gal,Dairy,66,4.99,0.0,0,0,3,6,Summer,216
2024-06-07,STR_01,Downtown Metro Mart,PRD_01,Organic Whole Milk 1 Gal,Dairy,62,4.99,0.0,0,0,4,6,Summer,154
2024-06-08,STR_01,Downtown Metro Mart,PRD_01,Organic Whole Milk 1 Gal,Dairy,93,4.99,0.0,0,0,5,6,Summer,61
2024-06-09,STR_01,Downtown Metro Mart,PRD_01,Organic Whole Milk 1 Gal,Dairy,60,4.99,0.0,0,0,6,6,Summer,361
2024-06-10,STR_01,Downtown Metro Mart,PRD_01,Organic Whole Milk 1 Gal,Dairy,56,4.99,0.0,0,0,0,6,Summer,305
2024-06-11,STR_01,Downtown Metro Mart,PRD_01,Organic Whole Milk 1 Gal,Dairy,62,4.99,0.0,0,0,1,6,Summer,243
2024-06-12,STR_01,Downtown Metro Mart,PRD_01,Organic Whole Milk 1 Gal,Dairy,49,4.99,0.0,0,0,2,6,Summer,194
2024-06-13,STR_01,Downtown Metro Mart,PRD_01,Organic Whole Milk 1 Gal,Dairy,70,4.99,0.0,0,0,3,6,Summer,124
2024-06-14,STR_01,Downtown Metro Mart,PRD_01,Organic Whole Milk 1 Gal,Dairy,81,4.99,0.0,0,0,4,6,Summer,403
2024-06-15,STR_01,Downtown Metro Mart,PRD_01,Organic Whole Milk 1 Gal,Dairy,95,4.99,0.0,0,0,5,6,Summer,308
2024-06-16,STR_01,Downtown Metro Mart,PRD_01,Organic Whole Milk 1 Gal,Dairy,90,4.99,0.0,0,0,6,6,Summer,218
2024-06-17,STR_01,Downtown Metro Mart,PRD_01,Organic Whole Milk 1 Gal,Dairy,48,4.99,0.0,0,0,0,6,Summer,170
2024-06-18,STR_01,Downtown Metro Mart,PRD_01,Organic Whole Milk 1 Gal,Dairy,47,4.99,0.0,0,0,1,6,Summer,123
2024-06-19,STR_01,Downtown Metro Mart,PRD_01,Organic Whole Milk 1 Gal,Dairy,48,4.99,0.0,0,0,2,6,Summer,435
2024-06-20,STR_01,Downtown Metro Mart,PRD_01,Organic Whole Milk 1 Gal,Dairy,54,4.99,0.0,0,0,3,6,Summer,381
2024-06-21,STR_01,Downtown Metro Mart,PRD_01,Organic Whole Milk 1 Gal,Dairy,75,4.99,0.0,0,0,4,6,Summer,306
2024-06-22,STR_01,Downtown Metro Mart,PRD_01,Organic Whole Milk 1 Gal,Dairy,129,4.24,0.15,1,0,5,6,Summer,177
2024-06-23,STR_01,Downtown Metro Mart,PRD_01,Organic Whole Milk 1 Gal,Dairy,106,4.24,0.15,1,0,6,6,Summer,71
2024-06-24,STR_01,Downtown Metro Mart,PRD_01,Organic Whole Milk 1 Gal,Dairy,81,4.24,0.15,1,0,0,6,Summer,350
2024-06-25,STR_01,Downtown Metro Mart,PRD_01,Organic Whole Milk 1 Gal,Dairy,76,4.24,0.15,1,0,1,6,Summer,274
2024-06-26,STR_01,Downtown Metro Mart,PRD_01,Organic Whole Milk 1 Gal,Dairy,68,4.99,0.0,0,0,2,6,Summer,206
2024-06-27,STR_01,Downtown Metro Mart,PRD_01,Organic Whole Milk 1 Gal,Dairy,59,4.99,0.0,0,0,3,6,Summer,147
2024-06-28,STR_01,Downtown Metro Mart,PRD_01,Organic Whole Milk 1 Gal,Dairy,107,4.99,0.0,0,0,4,6,Summer,40
2024-06-29,STR_01,Downtown Metro Mart,PRD_01,Organic Whole Milk 1 Gal,Dairy,93,4.99,0.0,0,0,5,6,Summer,307
2024-06-30,STR_01,Downtown Metro Mart,PRD_01,Organic Whole Milk 1 Gal,Dairy,61,4.99,0.0,0,0,6,6,Summer,246
2024-07-01,STR_01,Downtown Metro Mart,PRD_01,Organic Whole Milk 1 Gal,Dairy,40,4.99,0.0,0,0,0,7,Summer,206
2024-07-02,STR_01,Downtown Metro Mart,PRD_01,Organic Whole Milk 1 Gal,Dairy,54,4.99,0.0,0,0,1,7,Summer,152
2024-07-03,STR_01,Downtown Metro Mart,PRD_01,Organic Whole Milk 1 Gal,Dairy,77,4.99,0.0,0,1,2,7,Summer,75
2024-07-04,STR_01,Downtown Metro Mart,PRD_01,Organic Whole Milk 1 Gal,Dairy,98,4.99,0.0,0,1,3,7,Summer,337
2024-07-05,STR_01,Downtown Metro Mart,PRD_01,Organic Whole Milk 1 Gal,Dairy,117,4.99,0.0,0,1,4,7,Summer,220
2024-07-06,STR_01,Downtown Metro Mart,PRD_01,Organic Whole Milk 1 Gal,Dairy,81,4.99,0.0,0,0,5,7,Summer,139
2024-07-07,STR_01,Downtown Metro Mart,PRD_01,Organic Whole Milk 1 Gal,Dairy,59,4.99,0.0,0,0,6,7,Summer,80
2024-07-08,STR_01,Downtown Metro Mart,PRD_01,Organic Whole Milk 1 Gal,Dairy,37,4.99,0.0,0,0,0,7,Summer,403
2024-07-09,STR_01,Downtown Metro Mart,PRD_01,Organic Whole Milk 1 Gal,Dairy,47,4.99,0.0,0,0,1,7,Summer,356
2024-07-10,STR_01,Downtown Metro Mart,PRD_01,Organic Whole Milk 1 Gal,Dairy,60,4.99,0.0,0,0,2,7,Summer,296
2024-07-11,STR_01,Downtown Metro Mart,PRD_01,Organic Whole Milk 1 Gal,Dairy,61,4.99,0.0,0,0,3,7,Summer,235
2024-07-12,STR_01,Downtown Metro Mart,PRD_01,Organic Whole Milk 1 Gal,Dairy,59,4.99,0.0,0,0,4,7,Summer,176
2024-07-13,STR_01,Downtown Metro Mart,PRD_01,Organic Whole Milk 1 Gal,Dairy,84,4.99,0.0,0,0,5,7,Summer,92
2024-07-14,STR_01,Downtown Metro Mart,PRD_01,Organic Whole Milk 1 Gal,Dairy,71,4.99,0.0,0,0,6,7,Summer,381
2024-07-15,STR_01,Downtown Metro Mart,PRD_01,Organic Whole Milk 1 Gal,Dairy,41,4.99,0.0,0,0,0,7,Summer,340
2024-07-16,STR_01,Downtown Metro Mart,PRD_01,Organic Whole Milk 1 Gal,Dairy,52,4.99,0.0,0,0,1,7,Summer,288
2024-07-17,STR_01,Downtown Metro Mart,PRD_01,Organic Whole Milk 1 Gal,Dairy,78,4.24,0.15,1,0,2,7,Summer,210
2024-07-18,STR_01,Downtown Metro Mart,PRD_01,Organic Whole Milk 1 Gal,Dairy,71,4.24,0.15,1,0,3,7,Summer,139
2024-07-19,STR_01,Downtown Metro Mart,PRD_01,Organic Whole Milk 1 Gal,Dairy,112,4.24,0.15,1,0,4,7,Summer,27
2024-07-20,STR_01,Downtown Metro Mart,PRD_01,Organic Whole Milk 1 Gal,Dairy,128,4.24,0.15,1,0,5,7,Summer,259
2024-07-21,STR_01,Downtown Metro Mart,PRD_01,Organic Whole Milk 1 Gal,Dairy,78,4.99,0.0,0,0,6,7,Summer,181
2024-07-22,STR_01,Downtown Metro Mart,PRD_01,Organic Whole Milk 1 Gal,Dairy,55,4.99,0.0,0,0,0,7,Summer,126
2024-07-23,STR_01,Downtown Metro Mart,PRD_01,Organic Whole Milk 1 Gal,Dairy,40,4.99,0.0,0,0,1,7,Summer,446
2024-07-24,STR_01,Downtown Metro Mart,PRD_01,Organic Whole Milk 1 Gal,Dairy,46,4.99,0.0,0,0,2,7,Summer,400
2024-07-25,STR_01,Downtown Metro Mart,PRD_01,Organic Whole Milk 1 Gal,Dairy,64,4.99,0.0,0,0,3,7,Summer,336
2024-07-26,STR_01,Downtown Metro Mart,PRD_01,Organic Whole Milk 1 Gal,Dairy,79,4.99,0.0,0,0,4,7,Summer,257
2024-07-27,STR_01,Downtown Metro Mart,PRD_01,Organic Whole Milk 1 Gal,Dairy,88,4.99,0.0,0,0,5,7,Summer,169
2024-07-28,STR_01,Downtown Metro Mart,PRD_01,Organic Whole Milk 1 Gal,Dairy,107,4.99,0.0,0,0,6,7,Summer,62
2024-07-29,STR_01,Downtown Metro Mart,PRD_01,Organic Whole Milk 1 Gal,Dairy,52,4.99,0.0,0,0,0,7,Summer,370
2024-07-30,STR_01,Downtown Metro Mart,PRD_01,Organic Whole Milk 1 Gal,Dairy,59,4.99,0.0,0,0,1,7,Summer,311
2024-07-31,STR_01,Downtown Metro Mart,PRD_01,Organic Whole Milk 1 Gal,Dairy,61,4.99,0.0,0,0,2,7,Summer,250
2024-08-01,STR_01,Downtown Metro Mart,PRD_01,Organic Whole Milk 1 Gal,Dairy,62,4.99,0.0,0,0,3,8,Summer,188
2024-08-02,STR_01,Downtown Metro Mart,PRD_01,Organic Whole Milk 1 Gal,Dairy,67,4.99,0.0,0,0,4,8,Summer,121
2024-08-03,STR_01,Downtown Metro Mart,PRD_01,Organic Whole Milk 1 Gal,Dairy,87,4.99,0.0,0,0,5,8,Summer,394
2024-08-04,STR_01,Downtown Metro Mart,PRD_01,Organic Whole Milk 1 Gal,Dairy,57,4.99,0.0,0,0,6,8,Summer,337
2024-08-05,STR_01,Downtown Metro Mart,PRD_01,Organic Whole Milk 1 Gal,Dairy,44,4.99,0.0,0,0,0,8,Summer,293
2024-08-06,STR_01,Downtown Metro Mart,PRD_01,Organic Whole Milk 1 Gal,Dairy,45,4.99,0.0,0,0,1,8,Summer,248
2024-08-07,STR_01,Downtown Metro Mart,PRD_01,Organic Whole Milk 1 Gal,Dairy,52,4.99,0.0,0,0,2,8,Summer,196
2024-08-08,STR_01,Downtown Metro Mart,PRD_01,Organic Whole Milk 1 Gal,Dairy,76,4.99,0.0,0,0,3,8,Summer,120
2024-08-09,STR_01,Downtown Metro Mart,PRD_01,Organic Whole Milk 1 Gal,Dairy,51,4.99,0.0,0,0,4,8,Summer,429
2024-08-10,STR_01,Downtown Metro Mart,PRD_01,Organic Whole Milk 1 Gal,Dairy,86,4.99,0.0,0,0,5,8,Summer,343
2024-08-11,STR_01,Downtown Metro Mart,PRD_01,Organic Whole Milk 1 Gal,Dairy,71,4.24,0.15,1,0,6,8,Summer,272
2024-08-12,STR_01,Downtown Metro Mart,PRD_01,Organic Whole Milk 1 Gal,Dairy,62,4.24,0.15,1,0,0,8,Summer,210
2024-08-13,STR_01,Downtown Metro Mart,PRD_01,Organic Whole Milk 1 Gal,Dairy,82,4.24,0.15,1,0,1,8,Summer,128
2024-08-14,STR_01,Downtown Metro Mart,PRD_01,Organic Whole Milk 1 Gal,Dairy,75,4.24,0.15,1,0,2,8,Summer,413
2024-08-15,STR_01,Downtown Metro Mart,PRD_01,Organic Whole Milk 1 Gal,Dairy,48,4.99,0.0,0,0,3,8,Summer,365
2024-08-16,STR_01,Downtown Metro Mart,PRD_01,Organic Whole Milk 1 Gal,Dairy,63,4.99,0.0,0,0,4,8,Summer,302
2024-08-17,STR_01,Downtown Metro Mart,PRD_01,Organic Whole Milk 1 Gal,Dairy,86,4.99,0.0,0,0,5,8,Summer,216
2024-08-18,STR_01,Downtown Metro Mart,PRD_01,Organic Whole Milk 1 Gal,Dairy,58,4.99,0.0,0,0,6,8,Summer,158
2024-08-19,STR_01,Downtown Metro Mart,PRD_01,Organic Whole Milk 1 Gal,Dairy,47,4.99,0.0,0,0,0,8,Summer,111
2024-08-20,STR_01,Downtown Metro Mart,PRD_01,Organic Whole Milk 1 Gal,Dairy,49,4.99,0.0,0,0,1,8,Summer,422
2024-08-21,STR_01,Downtown Metro Mart,PRD_01,Organic Whole Milk 1 Gal,Dairy,46,4.99,0.0,0,0,2,8,Summer,376
2024-08-22,STR_01,Downtown Metro Mart,PRD_01,Organic Whole Milk 1 Gal,Dairy,75,4.99,0.0,0,0,3,8,Summer,301
2024-08-23,STR_01,Downtown Metro Mart,PRD_01,Organic Whole Milk 1 Gal,Dairy,77,4.99,0.0,0,0,4,8,Summer,224
2024-08-24,STR_01,Downtown Metro Mart,PRD_01,Organic Whole Milk 1 Gal,Dairy,55,4.99,0.0,0,0,5,8,Summer,169
2024-08-25,STR_01,Downtown Metro Mart,PRD_01,Organic Whole Milk 1 Gal,Dairy,67,4.99,0.0,0,0,6,8,Summer,102
2024-08-26,STR_01,Downtown Metro Mart,PRD_01,Organic Whole Milk 1 Gal,Dairy,41,4.99,0.0,0,0,0,8,Summer,421
2024-08-27,STR_01,Downtown Metro Mart,PRD_01,Organic Whole Milk 1 Gal,Dairy,55,4.99,0.0,0,0,1,8,Summer,366
2024-08-28,STR_01,Downtown Metro Mart,PRD_01,Organic Whole Milk 1 Gal,Dairy,45,4.99,0.0,0,0,2,8,Summer,321
2024-08-29,STR_01,Downtown Metro Mart,PRD_01,Organic Whole Milk 1 Gal,Dairy,56,4.99,0.0,0,0,3,8,Summer,265
2024-08-30,STR_01,Downtown Metro Mart,PRD_01,Organic Whole Milk 1 Gal,Dairy,76,4.99,0.0,0,0,4,8,Summer,189
2024-08-31,STR_01,Downtown Metro Mart,PRD_01,Organic Whole Milk 1 Gal,Dairy,88,4.99,0.0,0,0,5,8,Summer,101
2024-09-01,STR_01,Downtown Metro Mart,PRD_01,Organic Whole Milk 1 Gal,Dairy,70,4.99,0.0,0,1,6,9,Autumn,391
2024-09-02,STR_01,Downtown Metro Mart,PRD_01,Organic Whole Milk 1 Gal,Dairy,57,4.99,0.0,0,1,0,9,Autumn,334
2024-09-03,STR_01,Downtown Metro Mart,PRD_01,Organic Whole Milk 1 Gal,Dairy,59,4.99,0.0,0,1,1,9,Autumn,275
2024-09-04,STR_01,Downtown Metro Mart,PRD_01,Organic Whole Milk 1 Gal,Dairy,45,4.99,0.0,0,0,2,9,Autumn,230
2024-09-05,STR_01,Downtown Metro Mart,PRD_01,Organic Whole Milk 1 Gal,Dairy,101,4.24,0.15,1,0,3,9,Autumn,129
2024-09-06,STR_01,Downtown Metro Mart,PRD_01,Organic Whole Milk 1 Gal,Dairy,105,4.24,0.15,1,0,4,9,Autumn,384
2024-09-07,STR_01,Downtown Metro Mart,PRD_01,Organic Whole Milk 1 Gal,Dairy,89,4.24,0.15,1,0,5,9,Autumn,295
2024-09-08,STR_01,Downtown Metro Mart,PRD_01,Organic Whole Milk 1 Gal,Dairy,104,4.24,0.15,1,0,6,9,Autumn,191
2024-09-09,STR_01,Downtown Metro Mart,PRD_01,Organic Whole Milk 1 Gal,Dairy,59,4.99,0.0,0,0,0,9,Autumn,132
2024-09-10,STR_01,Downtown Metro Mart,PRD_01,Organic Whole Milk 1 Gal,Dairy,54,4.99,0.0,0,0,1,9,Autumn,438
2024-09-11,STR_01,Downtown Metro Mart,PRD_01,Organic Whole Milk 1 Gal,Dairy,38,4.99,0.0,0,0,2,9,Autumn,400
2024-09-12,STR_01,Downtown Metro Mart,PRD_01,Organic Whole Milk 1 Gal,Dairy,51,4.99,0.0,0,0,3,9,Autumn,349
2024-09-13,STR_01,Downtown Metro Mart,PRD_01,Organic Whole Milk 1 Gal,Dairy,81,4.99,0.0,0,0,4,9,Autumn,268
2024-09-14,STR_01,Downtown Metro Mart,PRD_01,Organic Whole Milk 1 Gal,Dairy,68,4.99,0.0,0,0,5,9,Autumn,200
2024-09-15,STR_01,Downtown Metro Mart,PRD_01,Organic Whole Milk 1 Gal,Dairy,67,4.99,0.0,0,0,6,9,Autumn,133
2024-09-16,STR_01,Downtown Metro Mart,PRD_01,Organic Whole Milk 1 Gal,Dairy,50,4.99,0.0,0,0,0,9,Autumn,443
2024-09-17,STR_01,Downtown Metro Mart,PRD_01,Organic Whole Milk 1 Gal,Dairy,41,4.99,0.0,0,0,1,9,Autumn,402
2024-09-18,STR_01,Downtown Metro Mart,PRD_01,Organic Whole Milk 1 Gal,Dairy,49,4.99,0.0,0,0,2,9,Autumn,353
2024-09-19,STR_01,Downtown Metro Mart,PRD_01,Organic Whole Milk 1 Gal,Dairy,28,4.99,0.0,0,0,3,9,Autumn,325
2024-09-20,STR_01,Downtown Metro Mart,PRD_01,Organic Whole Milk 1 Gal,Dairy,58,4.99,0.0,0,0,4,9,Autumn,267
2024-09-21,STR_01,Downtown Metro Mart,PRD_01,Organic Whole Milk 1 Gal,Dairy,73,4.99,0.0,0,0,5,9,Autumn,194
2024-09-22,STR_01,Downtown Metro Mart,PRD_01,Organic Whole Milk 1 Gal,Dairy,51,4.99,0.0,0,0,6,9,Autumn,143
2024-09-23,STR_01,Downtown Metro Mart,PRD_01,Organic Whole Milk 1 Gal,Dairy,55,4.99,0.0,0,0,0,9,Autumn,88
2024-09-24,STR_01,Downtown Metro Mart,PRD_01,Organic Whole Milk 1 Gal,Dairy,37,4.99,0.0,0,0,1,9,Autumn,411
2024-09-25,STR_01,Downtown Metro Mart,PRD_01,Organic Whole Milk 1 Gal,Dairy,46,4.99,0.0,0,0,2,9,Autumn,365
2024-09-26,STR_01,Downtown Metro Mart,PRD_01,Organic Whole Milk 1 Gal,Dairy,56,4.99,0.0,0,0,3,9,Autumn,309
2024-09-27,STR_01,Downtown Metro Mart,PRD_01,Organic Whole Milk 1 Gal,Dairy,83,4.99,0.0,0,0,4,9,Autumn,226
2024-09-28,STR_01,Downtown Metro Mart,PRD_01,Organic Whole Milk 1 Gal,Dairy,60,4.99,0.0,0,0,5,9,Autumn,166
2024-09-29,STR_01,Downtown Metro Mart,PRD_01,Organic Whole Milk 1 Gal,Dairy,74,4.99,0.0,0,0,6,9,Autumn,92
2024-09-30,STR_01,Downtown Metro Mart,PRD_01,Organic Whole Milk 1 Gal,Dairy,65,4.24,0.15,1,0,0,9,Autumn,387
2024-10-01,STR_01,Downtown Metro Mart,PRD_01,Organic Whole Milk 1 Gal,Dairy,58,4.24,0.15,1,0,1,10,Autumn,329
2024-10-02,STR_01,Downtown Metro Mart,PRD_01,Organic Whole Milk 1 Gal,Dairy,76,4.24,0.15,1,0,2,10,Autumn,253
2024-10-03,STR_01,Downtown Metro Mart,PRD_01,Organic Whole Milk 1 Gal,Dairy,81,4.24,0.15,1,0,3,10,Autumn,172
2024-10-04,STR_01,Downtown Metro Mart,PRD_01,Organic Whole Milk 1 Gal,Dairy,61,4.99,0.0,0,0,4,10,Autumn,111
2024-10-05,STR_01,Downtown Metro Mart,PRD_01,Organic Whole Milk 1 Gal,Dairy,76,4.99,0.0,0,0,5,10,Autumn,395
2024-10-06,STR_01,Downtown Metro Mart,PRD_01,Organic Whole Milk 1 Gal,Dairy,59,4.99,0.0,0,0,6,10,Autumn,336
2024-10-07,STR_01,Downtown Metro Mart,PRD_01,Organic Whole Milk 1 Gal,Dairy,45,4.99,0.0,0,0,0,10,Autumn,291
2024-10-08,STR_01,Downtown Metro Mart,PRD_01,Organic Whole Milk 1 Gal,Dairy,51,4.99,0.0,0,0,1,10,Autumn,240
2024-10-09,STR_01,Downtown Metro Mart,PRD_01,Organic Whole Milk 1 Gal,Dairy,61,4.99,0.0,0,0,2,10,Autumn,179
2024-10-10,STR_01,Downtown Metro Mart,PRD_01,Organic Whole Milk 1 Gal,Dairy,44,4.99,0.0,0,0,3,10,Autumn,135
2024-10-11,STR_01,Downtown Metro Mart,PRD_01,Organic Whole Milk 1 Gal,Dairy,89,4.99,0.0,0,0,4,10,Autumn,406
2024-10-12,STR_01,Downtown Metro Mart,PRD_01,Organic Whole Milk 1 Gal,Dairy,53,4.99,0.0,0,0,5,10,Autumn,353
2024-10-13,STR_01,Downtown Metro Mart,PRD_01,Organic Whole Milk 1 Gal,Dairy,61,4.99,0.0,0,0,6,10,Autumn,292
2024-10-14,STR_01,Downtown Metro Mart,PRD_01,Organic Whole Milk 1 Gal,Dairy,48,4.99,0.0,0,0,0,10,Autumn,244
2024-10-15,STR_01,Downtown Metro Mart,PRD_01,Organic Whole Milk 1 Gal,Dairy,49,4.99,0.0,0,0,1,10,Autumn,195
2024-10-16,STR_01,Downtown Metro Mart,PRD_01,Organic Whole Milk 1 Gal,Dairy,45,4.99,0.0,0,0,2,10,Autumn,150
2024-10-17,STR_01,Downtown Metro Mart,PRD_01,Organic Whole Milk 1 Gal,Dairy,53,4.99,0.0,0,0,3,10,Autumn,97
2024-10-18,STR_01,Downtown Metro Mart,PRD_01,Organic Whole Milk 1 Gal,Dairy,62,4.99,0.0,0,0,4,10,Autumn,395
2024-10-19,STR_01,Downtown Metro Mart,PRD_01,Organic Whole Milk 1 Gal,Dairy,68,4.99,0.0,0,0,5,10,Autumn,327
2024-10-20,STR_01,Downtown Metro Mart,PRD_01,Organic Whole Milk 1 Gal,Dairy,70,4.99,0.0,0,0,6,10,Autumn,257
2024-10-21,STR_01,Downtown Metro Mart,PRD_01,Organic Whole Milk 1 Gal,Dairy,46,4.99,0.0,0,0,0,10,Autumn,211
2024-10-22,STR_01,Downtown Metro Mart,PRD_01,Organic Whole Milk 1 Gal,Dairy,42,4.99,0.0,0,0,1,10,Autumn,169
2024-10-23,STR_01,Downtown Metro Mart,PRD_01,Organic Whole Milk 1 Gal,Dairy,56,4.99,0.0,0,0,2,10,Autumn,113
2024-10-24,STR_01,Downtown Metro Mart,PRD_01,Organic Whole Milk 1 Gal,Dairy,57,4.99,0.0,0,0,3,10,Autumn,416
2024-10-25,STR_01,Downtown Metro Mart,PRD_01,Organic Whole Milk 1 Gal,Dairy,109,4.24,0.15,1,0,4,10,Autumn,307
2024-10-26,STR_01,Downtown Metro Mart,PRD_01,Organic Whole Milk 1 Gal,Dairy,119,4.24,0.15,1,0,5,10,Autumn,188
2024-10-27,STR_01,Downtown Metro Mart,PRD_01,Organic Whole Milk 1 Gal,Dairy,79,4.24,0.15,1,0,6,10,Autumn,109
2024-10-28,STR_01,Downtown Metro Mart,PRD_01,Organic Whole Milk 1 Gal,Dairy,58,4.24,0.15,1,0,0,10,Autumn,411
2024-10-29,STR_01,Downtown Metro Mart,PRD_01,Organic Whole Milk 1 Gal,Dairy,52,4.99,0.0,0,0,1,10,Autumn,359
2024-10-30,STR_01,Downtown Metro Mart,PRD_01,Organic Whole Milk 1 Gal,Dairy,54,4.99,0.0,0,0,2,10,Autumn,305
2024-10-31,STR_01,Downtown Metro Mart,PRD_01,Organic Whole Milk 1 Gal,Dairy,54,4.99,0.0,0,0,3,10,Autumn,251
2024-11-01,STR_01,Downtown Metro Mart,PRD_01,Organic Whole Milk 1 Gal,Dairy,69,4.99,0.0,0,0,4,11,Autumn,182
2024-11-02,STR_01,Downtown Metro Mart,PRD_01,Organic Whole Milk 1 Gal,Dairy,90,4.99,0.0,0,0,5,11,Autumn,92
2024-11-03,STR_01,Downtown Metro Mart,PRD_01,Organic Whole Milk 1 Gal,Dairy,57,4.99,0.0,0,0,6,11,Autumn,395
2024-11-04,STR_01,Downtown Metro Mart,PRD_01,Organic Whole Milk 1 Gal,Dairy,48,4.99,0.0,0,0,0,11,Autumn,347
2024-11-05,STR_01,Downtown Metro Mart,PRD_01,Organic Whole Milk 1 Gal,Dairy,46,4.99,0.0,0,0,1,11,Autumn,301
2024-11-06,STR_01,Downtown Metro Mart,PRD_01,Organic Whole Milk 1 Gal,Dairy,48,4.99,0.0,0,0,2,11,Autumn,253
2024-11-07,STR_01,Downtown Metro Mart,PRD_01,Organic Whole Milk 1 Gal,Dairy,64,4.99,0.0,0,0,3,11,Autumn,189
2024-11-08,STR_01,Downtown Metro Mart,PRD_01,Organic Whole Milk 1 Gal,Dairy,76,4.99,0.0,0,0,4,11,Autumn,113
2024-11-09,STR_01,Downtown Metro Mart,PRD_01,Organic Whole Milk 1 Gal,Dairy,85,4.99,0.0,0,0,5,11,Autumn,388
2024-11-10,STR_01,Downtown Metro Mart,PRD_01,Organic Whole Milk 1 Gal,Dairy,75,4.99,0.0,0,0,6,11,Autumn,313
2024-11-11,STR_01,Downtown Metro Mart,PRD_01,Organic Whole Milk 1 Gal,Dairy,45,4.99,0.0,0,0,0,11,Autumn,268
2024-11-12,STR_01,Downtown Metro Mart,PRD_01,Organic Whole Milk 1 Gal,Dairy,52,4.99,0.0,0,0,1,11,Autumn,216
2024-11-13,STR_01,Downtown Metro Mart,PRD_01,Organic Whole Milk 1 Gal,Dairy,47,4.99,0.0,0,0,2,11,Autumn,169
2024-11-14,STR_01,Downtown Metro Mart,PRD_01,Organic Whole Milk 1 Gal,Dairy,58,4.99,0.0,0,0,3,11,Autumn,111
2024-11-15,STR_01,Downtown Metro Mart,PRD_01,Organic Whole Milk 1 Gal,Dairy,67,4.99,0.0,0,0,4,11,Autumn,404
2024-11-16,STR_01,Downtown Metro Mart,PRD_01,Organic Whole Milk 1 Gal,Dairy,77,4.99,0.0,0,0,5,11,Autumn,327
2024-11-17,STR_01,Downtown Metro Mart,PRD_01,Organic Whole Milk 1 Gal,Dairy,68,4.99,0.0,0,0,6,11,Autumn,259
2024-11-18,STR_01,Downtown Metro Mart,PRD_01,Organic Whole Milk 1 Gal,Dairy,39,4.99,0.0,0,0,0,11,Autumn,220
2024-11-19,STR_01,Downtown Metro Mart,PRD_01,Organic Whole Milk 1 Gal,Dairy,90,4.24,0.15,1,0,1,11,Autumn,130
2024-11-20,STR_01,Downtown Metro Mart,PRD_01,Organic Whole Milk 1 Gal,Dairy,61,4.24,0.15,1,0,2,11,Autumn,429
2024-11-21,STR_01,Downtown Metro Mart,PRD_01,Organic Whole Milk 1 Gal,Dairy,65,4.24,0.15,1,0,3,11,Autumn,364
2024-11-22,STR_01,Downtown Metro Mart,PRD_01,Organic Whole Milk 1 Gal,Dairy,116,4.24,0.15,1,0,4,11,Autumn,248
2024-11-23,STR_01,Downtown Metro Mart,PRD_01,Organic Whole Milk 1 Gal,Dairy,144,4.99,0.0,0,1,5,11,Autumn,104
2024-11-24,STR_01,Downtown Metro Mart,PRD_01,Organic Whole Milk 1 Gal,Dairy,117,4.99,0.0,0,1,6,11,Autumn,347
2024-11-25,STR_01,Downtown Metro Mart,PRD_01,Organic Whole Milk 1 Gal,Dairy,83,4.99,0.0,0,1,0,11,Autumn,264
2024-11-26,STR_01,Downtown Metro Mart,PRD_01,Organic Whole Milk 1 Gal,Dairy,47,4.99,0.0,0,0,1,11,Autumn,217
2024-11-27,STR_01,Downtown Metro Mart,PRD_01,Organic Whole Milk 1 Gal,Dairy,43,4.99,0.0,0,0,2,11,Autumn,174
2024-11-28,STR_01,Downtown Metro Mart,PRD_01,Organic Whole Milk 1 Gal,Dairy,56,4.99,0.0,0,0,3,11,Autumn,118
2024-11-29,STR_01,Downtown Metro Mart,PRD_01,Organic Whole Milk 1 Gal,Dairy,61,4.99,0.0,0,0,4,11,Autumn,417
2024-11-30,STR_01,Downtown Metro Mart,PRD_01,Organic Whole Milk 1 Gal,Dairy,87,4.99,0.0,0,0,5,11,Autumn,330
2024-12-01,STR_01,Downtown Metro Mart,PRD_01,Organic Whole Milk 1 Gal,Dairy,63,4.99,0.0,0,0,6,12,Winter,267
2024-12-02,STR_01,Downtown Metro Mart,PRD_01,Organic Whole Milk 1 Gal,Dairy,40,4.99,0.0,0,0,0,12,Winter,227
2024-12-03,STR_01,Downtown Metro Mart,PRD_01,Organic Whole Milk 1 Gal,Dairy,46,4.99,0.0,0,0,1,12,Winter,181
2024-12-04,STR_01,Downtown Metro Mart,PRD_01,Organic Whole Milk 1 Gal,Dairy,54,4.99,0.0,0,0,2,12,Winter,127
2024-12-05,STR_01,Downtown Metro Mart,PRD_01,Organic Whole Milk 1 Gal,Dairy,52,4.99,0.0,0,0,3,12,Winter,435
2024-12-06,STR_01,Downtown Metro Mart,PRD_01,Organic Whole Milk 1 Gal,Dairy,62,4.99,0.0,0,0,4,12,Winter,373
2024-12-07,STR_01,Downtown Metro Mart,PRD_01,Organic Whole Milk 1 Gal,Dairy,81,4.99,0.0,0,0,5,12,Winter,292
2024-12-08,STR_01,Downtown Metro Mart,PRD_01,Organic Whole Milk 1 Gal,Dairy,67,4.99,0.0,0,0,6,12,Winter,225
2024-12-09,STR_01,Downtown Metro Mart,PRD_01,Organic Whole Milk 1 Gal,Dairy,42,4.99,0.0,0,0,0,12,Winter,183
2024-12-10,STR_01,Downtown Metro Mart,PRD_01,Organic Whole Milk 1 Gal,Dairy,45,4.99,0.0,0,0,1,12,Winter,138
2024-12-11,STR_01,Downtown Metro Mart,PRD_01,Organic Whole Milk 1 Gal,Dairy,53,4.99,0.0,0,0,2,12,Winter,85
2024-12-12,STR_01,Downtown Metro Mart,PRD_01,Organic Whole Milk 1 Gal,Dairy,44,4.99,0.0,0,0,3,12,Winter,401
2024-12-13,STR_01,Downtown Metro Mart,PRD_01,Organic Whole Milk 1 Gal,Dairy,55,4.99,0.0,0,0,4,12,Winter,346
2024-12-14,STR_01,Downtown Metro Mart,PRD_01,Organic Whole Milk 1 Gal,Dairy,101,4.24,0.15,1,0,5,12,Winter,245
2024-12-15,STR_01,Downtown Metro Mart,PRD_01,Organic Whole Milk 1 Gal,Dairy,91,4.24,0.15,1,0,6,12,Winter,154
2024-12-16,STR_01,Downtown Metro Mart,PRD_01,Organic Whole Milk 1 Gal,Dairy,70,4.24,0.15,1,0,0,12,Winter,84
2024-12-17,STR_01,Downtown Metro Mart,PRD_01,Organic Whole Milk 1 Gal,Dairy,86,4.24,0.15,1,0,1,12,Winter,358
2024-12-18,STR_01,Downtown Metro Mart,PRD_01,Organic Whole Milk 1 Gal,Dairy,58,4.99,0.0,0,0,2,12,Winter,300
2024-12-19,STR_01,Downtown Metro Mart,PRD_01,Organic Whole Milk 1 Gal,Dairy,55,4.99,0.0,0,0,3,12,Winter,245
2024-12-20,STR_01,Downtown Metro Mart,PRD_01,Organic Whole Milk 1 Gal,Dairy,70,4.99,0.0,0,0,4,12,Winter,175
2024-12-21,STR_01,Downtown Metro Mart,PRD_01,Organic Whole Milk 1 Gal,Dairy,67,4.99,0.0,0,0,5,12,Winter,108
2024-12-22,STR_01,Downtown Metro Mart,PRD_01,Organic Whole Milk 1 Gal,Dairy,65,4.99,0.0,0,0,6,12,Winter,403
2024-12-23,STR_01,Downtown Metro Mart,PRD_01,Organic Whole Milk 1 Gal,Dairy,81,4.99,0.0,0,1,0,12,Winter,322
2024-12-24,STR_01,Downtown Metro Mart,PRD_01,Organic Whole Milk 1 Gal,Dairy,94,4.99,0.0,0,1,1,12,Winter,228
2024-12-25,STR_01,Downtown Metro Mart,PRD_01,Organic Whole Milk 1 Gal,Dairy,83,4.99,0.0,0,1,2,12,Winter,145
2024-12-26,STR_01,Downtown Metro Mart,PRD_01,Organic Whole Milk 1 Gal,Dairy,24,4.99,0.0,0,1,3,12,Winter,121
2024-12-27,STR_01,Downtown Metro Mart,PRD_01,Organic Whole Milk 1 Gal,Dairy,86,4.99,0.0,0,0,4,12,Winter,395
2024-12-28,STR_01,Downtown Metro Mart,PRD_01,Organic Whole Milk 1 Gal,Dairy,77,4.99,0.0,0,0,5,12,Winter,318
2024-12-29,STR_01,Downtown Metro Mart,PRD_01,Organic Whole Milk 1 Gal,Dairy,69,4.99,0.0,0,0,6,12,Winter,249
2024-12-30,STR_01,Downtown Metro Mart,PRD_01,Organic Whole Milk 1 Gal,Dairy,84,4.99,0.0,0,1,0,12,Winter,165
2024-12-31,STR_01,Downtown Metro Mart,PRD_01,Organic Whole Milk 1 Gal,Dairy,75,4.99,0.0,0,1,1,12,Winter,90
2025-01-01,STR_01,Downtown Metro Mart,PRD_01,Organic Whole Milk 1 Gal,Dairy,108,4.24,0.15,1,1,2,1,Winter,342
2025-01-02,STR_01,Downtown Metro Mart,PRD_01,Organic Whole Milk 1 Gal,Dairy,116,4.24,0.15,1,1,3,1,Winter,226
2025-01-03,STR_01,Downtown Metro Mart,PRD_01,Organic Whole Milk 1 Gal,Dairy,74,4.99,0.0,0,0,4,1,Winter,152
2025-01-04,STR_01,Downtown Metro Mart,PRD_01,Organic Whole Milk 1 Gal,Dairy,72,4.99,0.0,0,0,5,1,Winter,80
2025-01-05,STR_01,Downtown Metro Mart,PRD_01,Organic Whole Milk 1 Gal,Dairy,68,4.99,0.0,0,0,6,1,Winter,372
2025-01-06,STR_01,Downtown Metro Mart,PRD_01,Organic Whole Milk 1 Gal,Dairy,51,4.99,0.0,0,0,0,1,Winter,321
2025-01-07,STR_01,Downtown Metro Mart,PRD_01,Organic Whole Milk 1 Gal,Dairy,62,4.99,0.0,0,0,1,1,Winter,259
2025-01-08,STR_01,Downtown Metro Mart,PRD_01,Organic Whole Milk 1 Gal,Dairy,61,4.99,0.0,0,0,2,1,Winter,198
2025-01-09,STR_01,Downtown Metro Mart,PRD_01,Organic Whole Milk 1 Gal,Dairy,78,4.99,0.0,0,0,3,1,Winter,120
2025-01-10,STR_01,Downtown Metro Mart,PRD_01,Organic Whole Milk 1 Gal,Dairy,65,4.99,0.0,0,0,4,1,Winter,415
2025-01-11,STR_01,Downtown Metro Mart,PRD_01,Organic Whole Milk 1 Gal,Dairy,92,4.99,0.0,0,0,5,1,Winter,323
2025-01-12,STR_01,Downtown Metro Mart,PRD_01,Organic Whole Milk 1 Gal,Dairy,69,4.99,0.0,0,0,6,1,Winter,254
2025-01-13,STR_01,Downtown Metro Mart,PRD_01,Organic Whole Milk 1 Gal,Dairy,64,4.99,0.0,0,0,0,1,Winter,190
2025-01-14,STR_01,Downtown Metro Mart,PRD_01,Organic Whole Milk 1 Gal,Dairy,44,4.99,0.0,0,0,1,1,Winter,146
2025-01-15,STR_01,Downtown Metro Mart,PRD_01,Organic Whole Milk 1 Gal,Dairy,47,4.99,0.0,0,0,2,1,Winter,99
2025-01-16,STR_01,Downtown Metro Mart,PRD_01,Organic Whole Milk 1 Gal,Dairy,54,4.99,0.0,0,0,3,1,Winter,405
2025-01-17,STR_01,Downtown Metro Mart,PRD_01,Organic Whole Milk 1 Gal,Dairy,50,4.99,0.0,0,0,4,1,Winter,355
2025-01-18,STR_01,Downtown Metro Mart,PRD_01,Organic Whole Milk 1 Gal,Dairy,75,4.99,0.0,0,0,5,1,Winter,280
2025-01-19,STR_01,Downtown Metro Mart,PRD_01,Organic Whole Milk 1 Gal,Dairy,60,4.99,0.0,0,0,6,1,Winter,220
2025-01-20,STR_01,Downtown Metro Mart,PRD_01,Organic Whole Milk 1 Gal,Dairy,49,4.99,0.0,0,0,0,1,Winter,171
2025-01-21,STR_01,Downtown Metro Mart,PRD_01,Organic Whole Milk 1 Gal,Dairy,53,4.99,0.0,0,0,1,1,Winter,118
2025-01-22,STR_01,Downtown Metro Mart,PRD_01,Organic Whole Milk 1 Gal,Dairy,68,4.99,0.0,0,0,2,1,Winter,410
2025-01-23,STR_01,Downtown Metro Mart,PRD_01,Organic Whole Milk 1 Gal,Dairy,67,4.99,0.0,0,0,3,1,Winter,343
2025-01-24,STR_01,Downtown Metro Mart,PRD_01,Organic Whole Milk 1 Gal,Dairy,97,4.24,0.15,1,0,4,1,Winter,246
2025-01-25,STR_01,Downtown Metro Mart,PRD_01,Organic Whole Milk 1 Gal,Dairy,102,4.24,0.15,1,0,5,1,Winter,144
2025-01-26,STR_01,Downtown Metro Mart,PRD_01,Organic Whole Milk 1 Gal,Dairy,105,4.24,0.15,1,0,6,1,Winter,39
2025-01-27,STR_01,Downtown Metro Mart,PRD_01,Organic Whole Milk 1 Gal,Dairy,56,4.24,0.15,1,0,0,1,Winter,343
2025-01-28,STR_01,Downtown Metro Mart,PRD_01,Organic Whole Milk 1 Gal,Dairy,65,4.99,0.0,0,0,1,1,Winter,278
2025-01-29,STR_01,Downtown Metro Mart,PRD_01,Organic Whole Milk 1 Gal,Dairy,63,4.99,0.0,0,0,2,1,Winter,215
2025-01-30,STR_01,Downtown Metro Mart,PRD_01,Organic Whole Milk 1 Gal,Dairy,55,4.99,0.0,0,0,3,1,Winter,160
2025-01-31,STR_01,Downtown Metro Mart,PRD_01,Organic Whole Milk 1 Gal,Dairy,54,4.99,0.0,0,0,4,1,Winter,106
2025-02-01,STR_01,Downtown Metro Mart,PRD_01,Organic Whole Milk 1 Gal,Dairy,102,4.99,0.0,0,0,5,2,Winter,364
2025-02-02,STR_01,Downtown Metro Mart,PRD_01,Organic Whole Milk 1 Gal,Dairy,69,4.99,0.0,0,0,6,2,Winter,295
2025-02-03,STR_01,Downtown Metro Mart,PRD_01,Organic Whole Milk 1 Gal,Dairy,59,4.99,0.0,0,0,0,2,Winter,236
2025-02-04,STR_01,Downtown Metro Mart,PRD_01,Organic Whole Milk 1 Gal,Dairy,40,4.99,0.0,0,0,1,2,Winter,196
2025-02-05,STR_01,Downtown Metro Mart,PRD_01,Organic Whole Milk 1 Gal,Dairy,51,4.99,0.0,0,0,2,2,Winter,145
2025-02-06,STR_01,Downtown Metro Mart,PRD_01,Organic Whole Milk 1 Gal,Dairy,61,4.99,0.0,0,0,3,2,Winter,84
2025-02-07,STR_01,Downtown Metro Mart,PRD_01,Organic Whole Milk 1 Gal,Dairy,77,4.99,0.0,0,0,4,2,Winter,367
2025-02-08,STR_01,Downtown Metro Mart,PRD_01,Organic Whole Milk 1 Gal,Dairy,79,4.99,0.0,0,0,5,2,Winter,288
2025-02-09,STR_01,Downtown Metro Mart,PRD_01,Organic Whole Milk 1 Gal,Dairy,77,4.99,0.0,0,0,6,2,Winter,211
2025-02-10,STR_01,Downtown Metro Mart,PRD_01,Organic Whole Milk 1 Gal,Dairy,42,4.99,0.0,0,0,0,2,Winter,169
2025-02-11,STR_01,Downtown Metro Mart,PRD_01,Organic Whole Milk 1 Gal,Dairy,52,4.99,0.0,0,0,1,2,Winter,117
2025-02-12,STR_01,Downtown Metro Mart,PRD_01,Organic Whole Milk 1 Gal,Dairy,57,4.99,0.0,0,0,2,2,Winter,420
2025-02-13,STR_01,Downtown Metro Mart,PRD_01,Organic Whole Milk 1 Gal,Dairy,83,4.99,0.0,0,1,3,2,Winter,337
2025-02-14,STR_01,Downtown Metro Mart,PRD_01,Organic Whole Milk 1 Gal,Dairy,105,4.99,0.0,0,1,4,2,Winter,232
2025-02-15,STR_01,Downtown Metro Mart,PRD_01,Organic Whole Milk 1 Gal,Dairy,88,4.99,0.0,0,1,5,2,Winter,144
2025-02-16,STR_01,Downtown Metro Mart,PRD_01,Organic Whole Milk 1 Gal,Dairy,54,4.99,0.0,0,0,6,2,Winter,90
2025-02-17,STR_01,Downtown Metro Mart,PRD_01,Organic Whole Milk 1 Gal,Dairy,59,4.99,0.0,0,0,0,2,Winter,391
2025-02-18,STR_01,Downtown Metro Mart,PRD_01,Organic Whole Milk 1 Gal,Dairy,80,4.24,0.15,1,0,1,2,Winter,311
2025-02-19,STR_01,Downtown Metro Mart,PRD_01,Organic Whole Milk 1 Gal,Dairy,72,4.24,0.15,1,0,2,2,Winter,239
2025-02-20,STR_01,Downtown Metro Mart,PRD_01,Organic Whole Milk 1 Gal,Dairy,110,4.24,0.15,1,0,3,2,Winter,129
2025-02-21,STR_01,Downtown Metro Mart,PRD_01,Organic Whole Milk 1 Gal,Dairy,112,4.24,0.15,1,0,4,2,Winter,377
2025-02-22,STR_01,Downtown Metro Mart,PRD_01,Organic Whole Milk 1 Gal,Dairy,100,4.99,0.0,0,0,5,2,Winter,277
2025-02-23,STR_01,Downtown Metro Mart,PRD_01,Organic Whole Milk 1 Gal,Dairy,71,4.99,0.0,0,0,6,2,Winter,206
2025-02-24,STR_01,Downtown Metro Mart,PRD_01,Organic Whole Milk 1 Gal,Dairy,65,4.99,0.0,0,0,0,2,Winter,141
2025-02-25,STR_01,Downtown Metro Mart,PRD_01,Organic Whole Milk 1 Gal,Dairy,67,4.99,0.0,0,0,1,2,Winter,74
2025-02-26,STR_01,Downtown Metro Mart,PRD_01,Organic Whole Milk 1 Gal,Dairy,53,4.99,0.0,0,0,2,2,Winter,381
2025-02-27,STR_01,Downtown Metro Mart,PRD_01,Organic Whole Milk 1 Gal,Dairy,70,4.99,0.0,0,0,3,2,Winter,311
2025-02-28,STR_01,Downtown Metro Mart,PRD_01,Organic Whole Milk 1 Gal,Dairy,83,4.99,0.0,0,0,4,2,Winter,228
2025-03-01,STR_01,Downtown Metro Mart,PRD_01,Organic Whole Milk 1 Gal,Dairy,105,4.99,0.0,0,0,5,3,Spring,123
2025-03-02,STR_01,Downtown Metro Mart,PRD_01,Organic Whole Milk 1 Gal,Dairy,62,4.99,0.0,0,0,6,3,Spring,421
2025-03-03,STR_01,Downtown Metro Mart,PRD_01,Organic Whole Milk 1 Gal,Dairy,56,4.99,0.0,0,0,0,3,Spring,365
2025-03-04,STR_01,Downtown Metro Mart,PRD_01,Organic Whole Milk 1 Gal,Dairy,63,4.99,0.0,0,0,1,3,Spring,302
2025-03-05,STR_01,Downtown Metro Mart,PRD_01,Organic Whole Milk 1 Gal,Dairy,42,4.99,0.0,0,0,2,3,Spring,260
2025-03-06,STR_01,Downtown Metro Mart,PRD_01,Organic Whole Milk 1 Gal,Dairy,52,4.99,0.0,0,0,3,3,Spring,208
2025-03-07,STR_01,Downtown Metro Mart,PRD_01,Organic Whole Milk 1 Gal,Dairy,54,4.99,0.0,0,0,4,3,Spring,154
2025-03-08,STR_01,Downtown Metro Mart,PRD_01,Organic Whole Milk 1 Gal,Dairy,84,4.99,0.0,0,0,5,3,Spring,70
2025-03-09,STR_01,Downtown Metro Mart,PRD_01,Organic Whole Milk 1 Gal,Dairy,80,4.99,0.0,0,0,6,3,Spring,350
2025-03-10,STR_01,Downtown Metro Mart,PRD_01,Organic Whole Milk 1 Gal,Dairy,63,4.99,0.0,0,0,0,3,Spring,287
2025-03-11,STR_01,Downtown Metro Mart,PRD_01,Organic Whole Milk 1 Gal,Dairy,55,4.99,0.0,0,0,1,3,Spring,232
2025-03-12,STR_01,Downtown Metro Mart,PRD_01,Organic Whole Milk 1 Gal,Dairy,71,4.99,0.0,0,0,2,3,Spring,161
2025-03-13,STR_01,Downtown Metro Mart,PRD_01,Organic Whole Milk 1 Gal,Dairy,50,4.99,0.0,0,0,3,3,Spring,111
2025-03-14,STR_01,Downtown Metro Mart,PRD_01,Organic Whole Milk 1 Gal,Dairy,58,4.99,0.0,0,0,4,3,Spring,413
2025-03-15,STR_01,Downtown Metro Mart,PRD_01,Organic Whole Milk 1 Gal,Dairy,125,4.24,0.15,1,0,5,3,Spring,288
2025-03-16,STR_01,Downtown Metro Mart,PRD_01,Organic Whole Milk 1 Gal,Dairy,111,4.24,0.15,1,0,6,3,Spring,177
2025-03-17,STR_01,Downtown Metro Mart,PRD_01,Organic Whole Milk 1 Gal,Dairy,74,4.24,0.15,1,0,0,3,Spring,103
2025-03-18,STR_01,Downtown Metro Mart,PRD_01,Organic Whole Milk 1 Gal,Dairy,54,4.24,0.15,1,0,1,3,Spring,409
2025-03-19,STR_01,Downtown Metro Mart,PRD_01,Organic Whole Milk 1 Gal,Dairy,56,4.99,0.0,0,0,2,3,Spring,353
2025-03-20,STR_01,Downtown Metro Mart,PRD_01,Organic Whole Milk 1 Gal,Dairy,51,4.99,0.0,0,0,3,3,Spring,302
2025-03-21,STR_01,Downtown Metro Mart,PRD_01,Organic Whole Milk 1 Gal,Dairy,86,4.99,0.0,0,0,4,3,Spring,216
2025-03-22,STR_01,Downtown Metro Mart,PRD_01,Organic Whole Milk 1 Gal,Dairy,92,4.99,0.0,0,0,5,3,Spring,124
2025-03-23,STR_01,Downtown Metro Mart,PRD_01,Organic Whole Milk 1 Gal,Dairy,62,4.99,0.0,0,0,6,3,Spring,422
2025-03-24,STR_01,Downtown Metro Mart,PRD_01,Organic Whole Milk 1 Gal,Dairy,47,4.99,0.0,0,0,0,3,Spring,375
2025-03-25,STR_01,Downtown Metro Mart,PRD_01,Organic Whole Milk 1 Gal,Dairy,46,4.99,0.0,0,0,1,3,Spring,329
2025-03-26,STR_01,Downtown Metro Mart,PRD_01,Organic Whole Milk 1 Gal,Dairy,57,4.99,0.0,0,0,2,3,Spring,272
2025-03-27,STR_01,Downtown Metro Mart,PRD_01,Organic Whole Milk 1 Gal,Dairy,72,4.99,0.0,0,0,3,3,Spring,200
2025-03-28,STR_01,Downtown Metro Mart,PRD_01,Organic Whole Milk 1 Gal,Dairy,67,4.99,0.0,0,0,4,3,Spring,133
2025-03-29,STR_01,Downtown Metro Mart,PRD_01,Organic Whole Milk 1 Gal,Dairy,94,4.99,0.0,0,0,5,3,Spring,399
2025-03-30,STR_01,Downtown Metro Mart,PRD_01,Organic Whole Milk 1 Gal,Dairy,66,4.99,0.0,0,0,6,3,Spring,333
2025-03-31,STR_01,Downtown Metro Mart,PRD_01,Organic Whole Milk 1 Gal,Dairy,45,4.99,0.0,0,0,0,3,Spring,288
2025-04-01,STR_01,Downtown Metro Mart,PRD_01,Organic Whole Milk 1 Gal,Dairy,54,4.99,0.0,0,0,1,4,Spring,234
2025-04-02,STR_01,Downtown Metro Mart,PRD_01,Organic Whole Milk 1 Gal,Dairy,49,4.99,0.0,0,0,2,4,Spring,185
2025-04-03,STR_01,Downtown Metro Mart,PRD_01,Organic Whole Milk 1 Gal,Dairy,58,4.99,0.0,0,0,3,4,Spring,127
2025-04-04,STR_01,Downtown Metro Mart,PRD_01,Organic Whole Milk 1 Gal,Dairy,65,4.99,0.0,0,0,4,4,Spring,422
2025-04-05,STR_01,Downtown Metro Mart,PRD_01,Organic Whole Milk 1 Gal,Dairy,114,4.99,0.0,0,0,5,4,Spring,308
2025-04-06,STR_01,Downtown Metro Mart,PRD_01,Organic Whole Milk 1 Gal,Dairy,73,4.99,0.0,0,0,6,4,Spring,235
2025-04-07,STR_01,Downtown Metro Mart,PRD_01,Organic Whole Milk 1 Gal,Dairy,46,4.99,0.0,0,0,0,4,Spring,189
2025-04-08,STR_01,Downtown Metro Mart,PRD_01,Organic Whole Milk 1 Gal,Dairy,56,4.99,0.0,0,0,1,4,Spring,133
2025-04-09,STR_01,Downtown Metro Mart,PRD_01,Organic Whole Milk 1 Gal,Dairy,82,4.24,0.15,1,0,2,4,Spring,411
2025-04-10,STR_01,Downtown Metro Mart,PRD_01,Organic Whole Milk 1 Gal,Dairy,89,4.24,0.15,1,0,3,4,Spring,322
2025-04-11,STR_01,Downtown Metro Mart,PRD_01,Organic Whole Milk 1 Gal,Dairy,125,4.24,0.15,1,0,4,4,Spring,197
2025-04-12,STR_01,Downtown Metro Mart,PRD_01,Organic Whole Milk 1 Gal,Dairy,142,4.24,0.15,1,0,5,4,Spring,55
2025-04-13,STR_01,Downtown Metro Mart,PRD_01,Organic Whole Milk 1 Gal,Dairy,67,4.99,0.0,0,0,6,4,Spring,348
2025-04-14,STR_01,Downtown Metro Mart,PRD_01,Organic Whole Milk 1 Gal,Dairy,47,4.99,0.0,0,0,0,4,Spring,301
2025-04-15,STR_01,Downtown Metro Mart,PRD_01,Organic Whole Milk 1 Gal,Dairy,52,4.99,0.0,0,0,1,4,Spring,249
2025-04-16,STR_01,Downtown Metro Mart,PRD_01,Organic Whole Milk 1 Gal,Dairy,38,4.99,0.0,0,0,2,4,Spring,211
2025-04-17,STR_01,Downtown Metro Mart,PRD_01,Organic Whole Milk 1 Gal,Dairy,49,4.99,0.0,0,0,3,4,Spring,162
2025-04-18,STR_01,Downtown Metro Mart,PRD_01,Organic Whole Milk 1 Gal,Dairy,95,4.99,0.0,0,0,4,4,Spring,67
2025-04-19,STR_01,Downtown Metro Mart,PRD_01,Organic Whole Milk 1 Gal,Dairy,110,4.99,0.0,0,0,5,4,Spring,317
2025-04-20,STR_01,Downtown Metro Mart,PRD_01,Organic Whole Milk 1 Gal,Dairy,70,4.99,0.0,0,0,6,4,Spring,247
2025-04-21,STR_01,Downtown Metro Mart,PRD_01,Organic Whole Milk 1 Gal,Dairy,56,4.99,0.0,0,0,0,4,Spring,191
2025-04-22,STR_01,Downtown Metro Mart,PRD_01,Organic Whole Milk 1 Gal,Dairy,57,4.99,0.0,0,0,1,4,Spring,134
2025-04-23,STR_01,Downtown Metro Mart,PRD_01,Organic Whole Milk 1 Gal,Dairy,84,4.99,0.0,0,0,2,4,Spring,410
2025-04-24,STR_01,Downtown Metro Mart,PRD_01,Organic Whole Milk 1 Gal,Dairy,74,4.99,0.0,0,0,3,4,Spring,336
2025-04-25,STR_01,Downtown Metro Mart,PRD_01,Organic Whole Milk 1 Gal,Dairy,77,4.99,0.0,0,0,4,4,Spring,259
2025-04-26,STR_01,Downtown Metro Mart,PRD_01,Organic Whole Milk 1 Gal,Dairy,75,4.99,0.0,0,0,5,4,Spring,184
2025-04-27,STR_01,Downtown Metro Mart,PRD_01,Organic Whole Milk 1 Gal,Dairy,55,4.99,0.0,0,0,6,4,Spring,129
2025-04-28,STR_01,Downtown Metro Mart,PRD_01,Organic Whole Milk 1 Gal,Dairy,53,4.99,0.0,0,0,0,4,Spring,436
2025-04-29,STR_01,Downtown Metro Mart,PRD_01,Organic Whole Milk 1 Gal,Dairy,48,4.99,0.0,0,0,1,4,Spring,388
2025-04-30,STR_01,Downtown Metro Mart,PRD_01,Organic Whole Milk 1 Gal,Dairy,45,4.99,0.0,0,0,2,4,Spring,343
2025-05-01,STR_01,Downtown Metro Mart,PRD_01,Organic Whole Milk 1 Gal,Dairy,57,4.99,0.0,0,0,3,5,Spring,286
2025-05-02,STR_01,Downtown Metro Mart,PRD_01,Organic Whole Milk 1 Gal,Dairy,66,4.99,0.0,0,0,4,5,Spring,220
2025-05-03,STR_01,Downtown Metro Mart,PRD_01,Organic Whole Milk 1 Gal,Dairy,109,4.99,0.0,0,0,5,5,Spring,111
2025-05-04,STR_01,Downtown Metro Mart,PRD_01,Organic Whole Milk 1 Gal,Dairy,118,4.24,0.15,1,0,6,5,Spring,353
2025-05-05,STR_01,Downtown Metro Mart,PRD_01,Organic Whole Milk 1 Gal,Dairy,74,4.24,0.15,1,0,0,5,Spring,279
2025-05-06,STR_01,Downtown Metro Mart,PRD_01,Organic Whole Milk 1 Gal,Dairy,96,4.24,0.15,1,0,1,5,Spring,183
2025-05-07,STR_01,Downtown Metro Mart,PRD_01,Organic Whole Milk 1 Gal,Dairy,84,4.24,0.15,1,0,2,5,Spring,99
2025-05-08,STR_01,Downtown Metro Mart,PRD_01,Organic Whole Milk 1 Gal,Dairy,55,4.99,0.0,0,0,3,5,Spring,404
2025-05-09,STR_01,Downtown Metro Mart,PRD_01,Organic Whole Milk 1 Gal,Dairy,96,4.99,0.0,0,0,4,5,Spring,308
2025-05-10,STR_01,Downtown Metro Mart,PRD_01,Organic Whole Milk 1 Gal,Dairy,94,4.99,0.0,0,0,5,5,Spring,214
2025-05-11,STR_01,Downtown Metro Mart,PRD_01,Organic Whole Milk 1 Gal,Dairy,61,4.99,0.0,0,0,6,5,Spring,153
2025-05-12,STR_01,Downtown Metro Mart,PRD_01,Organic Whole Milk 1 Gal,Dairy,50,4.99,0.0,0,0,0,5,Spring,103
2025-05-13,STR_01,Downtown Metro Mart,PRD_01,Organic Whole Milk 1 Gal,Dairy,47,4.99,0.0,0,0,1,5,Spring,416
2025-05-14,STR_01,Downtown Metro Mart,PRD_01,Organic Whole Milk 1 Gal,Dairy,45,4.99,0.0,0,0,2,5,Spring,371
